[
 {
   "Name": "Afghanistan",
   "ISO2": "AF",
   "ISO3": "AFG",
   "Code": 4
 },
 {
   "Name": "Albania",
   "ISO2": "AL",
   "ISO3": "ALB",
   "Code": 8
 },
 {
   "Name": "Algeria",
   "ISO2": "DZ",
   "ISO3": "DZA",
   "Code": 12
 },
 {
   "Name": "Andorra",
   "ISO2": "AD",
   "ISO3": "AND",
   "Code": 20
 },
 {
   "Name": "Angola",
   "ISO2": "AO",
   "ISO3": "AGO",
   "Code": 24
 },
 {
   "Name": "Argentina",
   "ISO2": "AR",
   "ISO3": "ARG",
   "Code": 32
 },
 {
   "Name": "Armenia",
   "ISO2": "AM",
   "ISO3": "ARM",
   "Code": 51
 },
 {
   "Name": "Australia",
   "ISO2": "AU",
   "ISO3": "AUS",
   "Code": 36
 },
 {
   "Name": "Austria",
   "ISO2": "AT",
   "ISO3": "AUT",
   "Code": 40
 },
 {
   "Name": "Azerbaijan",
   "ISO2": "AZ",
   "ISO3": "AZE",
   "Code": 31
 },
 {
   "Name": "Bahamas",
   "ISO2": "BS",
   "ISO3": "BHS",
   "Code": 44
 },
 {
   "Name": "Bahrain",
   "ISO2": "BH",
   "ISO3": "BHR",
   "Code": 48
 },
 {
   "Name": "Bangladesh",
   "ISO2": "BD",
   "ISO3": "BGD",
   "Code": 50
 },
 {
   "Name": "Barbados",
   "ISO2": "BB",
   "ISO3": "BRB",
   "Code": 52
 },
 {
   "Name": "Belarus",
   "ISO2": "BY",
   "ISO3": "BLR",
   "Code": 112
 },
 {
   "Name": "Belgium",
   "ISO2": "BE",
   "ISO3": "BEL",
   "Code": 56
 },
 {
   "Name": "Belize",
   "ISO2": "BZ",
   "ISO3": "BLZ",
   "Code": 84
 },
 {
   "Name": "Benin",
   "ISO2": "BJ",
   "ISO3": "BEN",
   "Code": 204
 },
 {
   "Name": "Bhutan",
   "ISO2": "BT",
   "ISO3": "BTN",
   "Code": 64
 },
 {
   "Name": "Bolivia",
   "ISO2": "BO",
   "ISO3": "BOL",
   "Code": 68
 },
 {
   "Name": "Bosnia and Herzegovina",
   "ISO2": "BA",
   "ISO3": "BIH",
   "Code": 70
 },
 {
   "Name": "Botswana",
   "ISO2": "BW",
   "ISO3": "BWA",
   "Code": 72
 },
 {
   "Name": "Brazil",
   "ISO2": "BR",
   "ISO3": "BRA",
   "Code": 76
 },
 {
   "Name": "Brunei",
   "ISO2": "BN",
   "ISO3": "BRN",
   "Code": 96
 },
 {
   "Name": "Bulgaria",
   "ISO2": "BG",
   "ISO3": "BGR",
   "Code": 100
 },
 {
   "Name": "Burkina Faso",
   "ISO2": "BF",
   "ISO3": "BFA",
   "Code": 854
 },
 {
   "Name": "Burundi",
   "ISO2": "BI",
   "ISO3": "BDI",
   "Code": 108
 },
 {
   "Name": "Cambodia",
   "ISO2": "KH",
   "ISO3": "KHM",
   "Code": 116
 },
 {
   "Name": "Cameroon",
   "ISO2": "CM",
   "ISO3": "CMR",
   "Code": 120
 },
 {
   "Name": "Canada",
   "ISO2": "CA",
   "ISO3": "CAN",
   "Code": 124
 },
 {
   "Name": "Cape Verde",
   "ISO2": "CV",
   "ISO3": "CPV",
   "Code": 132
 },
 {
   "Name": "Central African Republic",
   "ISO2": "CF",
   "ISO3": "CAF",
   "Code": 140
 },
 {
   "Name": "Chad",
   "ISO2": "TD",
   "ISO3": "TCD",
   "Code": 148
 },
 {
   "Name": "Chile",
   "ISO2": "CL",
   "ISO3": "CHL",
   "Code": 152
 },
 {
   "Name": "China",
   "ISO2": "CN",
   "ISO3": "CHN",
   "Code": 156
 },
 {
   "Name": "Colombia",
   "ISO2": "CO",
   "ISO3": "COL",
   "Code": 170
 },
 {
   "Name": "Comoros",
   "ISO2": "KM",
   "ISO3": "COM",
   "Code": 174
 },
 {
   "Name": "Costa Rica",
   "ISO2": "CR",
   "ISO3": "CRI",
   "Code": 188
 },
 {
   "Name": "Croatia",
   "ISO2": "HR",
   "ISO3": "HRV",
   "Code": 191
 },
 {
   "Name": "Cuba",
   "ISO2": "CU",
   "ISO3": "CUB",
   "Code": 192
 },
 {
   "Name": "Cyprus",
   "ISO2": "CY",
   "ISO3": "CYP",
   "Code": 196
 },
 {
   "Name": "Czech Republic",
   "ISO2": "CZ",
   "ISO3": "CZE",
   "Code": 203
 },
 {
   "Name": "Democratic Republic of the Congo",
   "ISO2": "CD",
   "ISO3": "COD",
   "Code": 180
 },
 {
   "Name": "Denmark",
   "ISO2": "DK",
   "ISO3": "DNK",
   "Code": 208
 },
 {
   "Name": "Djibouti",
   "ISO2": "DJ",
   "ISO3": "DJI",
   "Code": 262
 },
 {
   "Name": "Dominica",
   "ISO2": "DM",
   "ISO3": "DMA",
   "Code": 212
 },
 {
   "Name": "Dominican Republic",
   "ISO2": "DO",
   "ISO3": "DOM",
   "Code": 214
 },
 {
   "Name": "East Timor",
   "ISO2": "TL",
   "ISO3": "TLS",
   "Code": 626
 },
 {
   "Name": "Ecuador",
   "ISO2": "EC",
   "ISO3": "ECU",
   "Code": 218
 },
 {
   "Name": "Egypt",
   "ISO2": "EG",
   "ISO3": "EGY",
   "Code": 818
 },
 {
   "Name": "El Salvador",
   "ISO2": "SV",
   "ISO3": "SLV",
   "Code": 222
 },
 {
   "Name": "Equatorial Guinea",
   "ISO2": "GQ",
   "ISO3": "GNQ",
   "Code": 226
 },
 {
   "Name": "Eritrea",
   "ISO2": "ER",
   "ISO3": "ERI",
   "Code": 232
 },
 {
   "Name": "Estonia",
   "ISO2": "EE",
   "ISO3": "EST",
   "Code": 233
 },
 {
   "Name": "Ethiopia",
   "ISO2": "ET",
   "ISO3": "ETH",
   "Code": 231
 },
 {
   "Name": "Fiji",
   "ISO2": "FJ",
   "ISO3": "FJI",
   "Code": 242
 },
 {
   "Name": "Finland",
   "ISO2": "FI",
   "ISO3": "FIN",
   "Code": 246
 },
 {
   "Name": "France",
   "ISO2": "FR",
   "ISO3": "FRA",
   "Code": 250
 },
 {
   "Name": "Gabon",
   "ISO2": "GA",
   "ISO3": "GAB",
   "Code": 266
 },
 {
   "Name": "Gambia",
   "ISO2": "GM",
   "ISO3": "GMB",
   "Code": 270
 },
 {
   "Name": "Georgia",
   "ISO2": "GE",
   "ISO3": "GEO",
   "Code": 268
 },
 {
   "Name": "Germany",
   "ISO2": "DE",
   "ISO3": "DEU",
   "Code": 276
 },
 {
   "Name": "Ghana",
   "ISO2": "GH",
   "ISO3": "GHA",
   "Code": 288
 },
 {
   "Name": "Greece",
   "ISO2": "GR",
   "ISO3": "GRC",
   "Code": 300
 },
 {
   "Name": "Grenada",
   "ISO2": "GD",
   "ISO3": "GRD",
   "Code": 308
 },
 {
   "Name": "Guatemala",
   "ISO2": "GT",
   "ISO3": "GTM",
   "Code": 320
 },
 {
   "Name": "Guinea",
   "ISO2": "GN",
   "ISO3": "GIN",
   "Code": 324
 },
 {
   "Name": "Guinea-Bissau",
   "ISO2": "GW",
   "ISO3": "GNB",
   "Code": 624
 },
 {
   "Name": "Guyana",
   "ISO2": "GY",
   "ISO3": "GUY",
   "Code": 328
 },
 {
   "Name": "Haiti",
   "ISO2": "HT",
   "ISO3": "HTI",
   "Code": 332
 },
 {
   "Name": "Honduras",
   "ISO2": "HN",
   "ISO3": "HND",
   "Code": 340
 },
 {
   "Name": "Hungary",
   "ISO2": "HU",
   "ISO3": "HUN",
   "Code": 348
 },
 {
   "Name": "Iceland",
   "ISO2": "IS",
   "ISO3": "ISL",
   "Code": 352
 },
 {
   "Name": "India",
   "ISO2": "IN",
   "ISO3": "IND",
   "Code": 356
 },
 {
   "Name": "Indonesia",
   "ISO2": "ID",
   "ISO3": "IDN",
   "Code": 360
 },
 {
   "Name": "Iran",
   "ISO2": "IR",
   "ISO3": "IRN",
   "Code": 364
 },
 {
   "Name": "Iraq",
   "ISO2": "IQ",
   "ISO3": "IRQ",
   "Code": 368
 },
 {
   "Name": "Ireland",
   "ISO2": "IE",
   "ISO3": "IRL",
   "Code": 372
 },
 {
   "Name": "Israel",
   "ISO2": "IL",
   "ISO3": "ISR",
   "Code": 376
 },
 {
   "Name": "Italy",
   "ISO2": "IT",
   "ISO3": "ITA",
   "Code": 380
 },
 {
   "Name": "Ivory Coast",
   "ISO2": "CI",
   "ISO3": "CIV",
   "Code": 384
 },
 {
   "Name": "Jamaica",
   "ISO2": "JM",
   "ISO3": "JAM",
   "Code": 388
 },
 {
   "Name": "Japan",
   "ISO2": "JP",
   "ISO3": "JPN",
   "Code": 392
 },
 {
   "Name": "Jordan",
   "ISO2": "JO",
   "ISO3": "JOR",
   "Code": 400
 },
 {
   "Name": "Kazakhstan",
   "ISO2": "KZ",
   "ISO3": "KAZ",
   "Code": 398
 },
 {
   "Name": "Kenya",
   "ISO2": "KE",
   "ISO3": "KEN",
   "Code": 404
 },
 {
   "Name": "Kiribati",
   "ISO2": "KI",
   "ISO3": "KIR",
   "Code": 296
 }, 
 {
   "Name": "Kuwait",
   "ISO2": "KW",
   "ISO3": "KWT",
   "Code": 414
 },
 {
   "Name": "Kyrgyzstan",
   "ISO2": "KG",
   "ISO3": "KGZ",
   "Code": 417
 },
 {
   "Name": "Laos",
   "ISO2": "LA",
   "ISO3": "LAO",
   "Code": 418
 },
 {
   "Name": "Latvia",
   "ISO2": "LV",
   "ISO3": "LVA",
   "Code": 428
 },
 {
   "Name": "Lebanon",
   "ISO2": "LB",
   "ISO3": "LBN",
   "Code": 422
 },
 {
   "Name": "Lesotho",
   "ISO2": "LS",
   "ISO3": "LSO",
   "Code": 426
 },
 {
   "Name": "Liberia",
   "ISO2": "LR",
   "ISO3": "LBR",
   "Code": 430
 },
 {
   "Name": "Libya",
   "ISO2": "LY",
   "ISO3": "LBY",
   "Code": 434
 },
 {
   "Name": "Liechtenstein",
   "ISO2": "LI",
   "ISO3": "LIE",
   "Code": 438
 },
 {
   "Name": "Lithuania",
   "ISO2": "LT",
   "ISO3": "LTU",
   "Code": 440
 },
 {
   "Name": "Luxembourg",
   "ISO2": "LU",
   "ISO3": "LUX",
   "Code": 442
 },
 {
   "Name": "Macedonia",
   "ISO2": "MK",
   "ISO3": "MKD",
   "Code": 807
 },
 {
   "Name": "Madagascar",
   "ISO2": "MG",
   "ISO3": "MDG",
   "Code": 450
 },
 {
   "Name": "Malawi",
   "ISO2": "MW",
   "ISO3": "MWI",
   "Code": 454
 },
 {
   "Name": "Malaysia",
   "ISO2": "MY",
   "ISO3": "MYS",
   "Code": 458
 },
 {
   "Name": "Maldives",
   "ISO2": "MV",
   "ISO3": "MDV",
   "Code": 462
 },
 {
   "Name": "Mali",
   "ISO2": "ML",
   "ISO3": "MLI",
   "Code": 466
 },
 {
   "Name": "Malta",
   "ISO2": "MT",
   "ISO3": "MLT",
   "Code": 470
 },
 {
   "Name": "Marshall Islands",
   "ISO2": "MH",
   "ISO3": "MHL",
   "Code": 584
 },
 {
   "Name": "Mauritania",
   "ISO2": "MR",
   "ISO3": "MRT",
   "Code": 478
 },
 {
   "Name": "Mauritius",
   "ISO2": "MU",
   "ISO3": "MUS",
   "Code": 480
 },
 {
   "Name": "Mexico",
   "ISO2": "MX",
   "ISO3": "MEX",
   "Code": 484
 },
 {
   "Name": "Micronesia",
   "ISO2": "FM",
   "ISO3": "FSM",
   "Code": 583
 },
 {
   "Name": "Moldova",
   "ISO2": "MD",
   "ISO3": "MDA",
   "Code": 498
 },
 {
   "Name": "Monaco",
   "ISO2": "MC",
   "ISO3": "MCO",
   "Code": 492
 },
 {
   "Name": "Mongolia",
   "ISO2": "MN",
   "ISO3": "MNG",
   "Code": 496
 },
 {
   "Name": "Montenegro",
   "ISO2": "ME",
   "ISO3": "MNE",
   "Code": 499
 },
 {
   "Name": "Morocco",
   "ISO2": "MA",
   "ISO3": "MAR",
   "Code": 504
 },
 {
   "Name": "Mozambique",
   "ISO2": "MZ",
   "ISO3": "MOZ",
   "Code": 508
 },
 {
   "Name": "Myanmar",
   "ISO2": "MM",
   "ISO3": "MMR",
   "Code": 104
 },
 {
   "Name": "Namibia",
   "ISO2": "NA",
   "ISO3": "NAM",
   "Code": 516
 },
 {
   "Name": "Nauru",
   "ISO2": "NR",
   "ISO3": "NRU",
   "Code": 520
 },
 {
   "Name": "Nepal",
   "ISO2": "NP",
   "ISO3": "NPL",
   "Code": 524
 },
 {
   "Name": "Netherlands",
   "ISO2": "NL",
   "ISO3": "NLD",
   "Code": 528
 },
 {
   "Name": "New Zealand",
   "ISO2": "NZ",
   "ISO3": "NZL",
   "Code": 554
 },
 {
   "Name": "Nicaragua",
   "ISO2": "NI",
   "ISO3": "NIC",
   "Code": 558
 },
 {
   "Name": "Niger",
   "ISO2": "NE",
   "ISO3": "NER",
   "Code": 562
 },
 {
   "Name": "Nigeria",
   "ISO2": "NG",
   "ISO3": "NGA",
   "Code": 566
 },
 {
   "Name": "North Korea",
   "ISO2": "KP",
   "ISO3": "PRK",
   "Code": 408
 },
 {
   "Name": "Norway",
   "ISO2": "NO",
   "ISO3": "NOR",
   "Code": 578
 },
 {
   "Name": "Oman",
   "ISO2": "OM",
   "ISO3": "OMN",
   "Code": 512
 },
 {
   "Name": "Pakistan",
   "ISO2": "PK",
   "ISO3": "PAK",
   "Code": 586
 },
 {
   "Name": "Palau",
   "ISO2": "PW",
   "ISO3": "PLW",
   "Code": 585
 },
 {
   "Name": "Panama",
   "ISO2": "PA",
   "ISO3": "PAN",
   "Code": 591
 },
 {
   "Name": "Papua New Guinea",
   "ISO2": "PG",
   "ISO3": "PNG",
   "Code": 598
 },
 {
   "Name": "Paraguay",
   "ISO2": "PY",
   "ISO3": "PRY",
   "Code": 600
 },
 {
   "Name": "Peru",
   "ISO2": "PE",
   "ISO3": "PER",
   "Code": 604
 },
 {
   "Name": "Philippines",
   "ISO2": "PH",
   "ISO3": "PHL",
   "Code": 608
 },
 {
   "Name": "Poland",
   "ISO2": "PL",
   "ISO3": "POL",
   "Code": 616
 },
 {
   "Name": "Portugal",
   "ISO2": "PT",
   "ISO3": "PRT",
   "Code": 620
 },
 {
   "Name": "Republic of the Congo",
   "ISO2": "CG",
   "ISO3": "COG",
   "Code": 178
 },
 {
   "Name": "Romania",
   "ISO2": "RO",
   "ISO3": "ROU",
   "Code": 642
 },
 {
   "Name": "Russia",
   "ISO2": "RU",
   "ISO3": "RUS",
   "Code": 643
 },
 {
   "Name": "Rwanda",
   "ISO2": "RW",
   "ISO3": "RWA",
   "Code": 646
 },
 {
   "Name": "Saint Kitts and Nevis",
   "ISO2": "KN",
   "ISO3": "KNA",
   "Code": 659
 },
 {
   "Name": "Saint Lucia",
   "ISO2": "LC",
   "ISO3": "LCA",
   "Code": 662
 },
 {
   "Name": "Saint Vincent and the Grenadines",
   "ISO2": "VC",
   "ISO3": "VCT",
   "Code": 670
 },
 {
   "Name": "Samoa",
   "ISO2": "WS",
   "ISO3": "WSM",
   "Code": 882
 },
 {
   "Name": "San Marino",
   "ISO2": "SM",
   "ISO3": "SMR",
   "Code": 674
 },
 {
   "Name": "Sao Tome and Principe",
   "ISO2": "ST",
   "ISO3": "STP",
   "Code": 678
 },
 {
   "Name": "Saudi Arabia",
   "ISO2": "SA",
   "ISO3": "SAU",
   "Code": 682
 },
 {
   "Name": "Senegal",
   "ISO2": "SN",
   "ISO3": "SEN",
   "Code": 686
 },
 {
   "Name": "Serbia",
   "ISO2": "RS",
   "ISO3": "SRB",
   "Code": 688
 },
 {
   "Name": "Seychelles",
   "ISO2": "SC",
   "ISO3": "SYC",
   "Code": 690
 },
 {
   "Name": "Sierra Leone",
   "ISO2": "SL",
   "ISO3": "SLE",
   "Code": 694
 },
 {
   "Name": "Singapore",
   "ISO2": "SG",
   "ISO3": "SGP",
   "Code": 702
 },
 {
   "Name": "Slovakia",
   "ISO2": "SK",
   "ISO3": "SVK",
   "Code": 703
 },
 {
   "Name": "Slovenia",
   "ISO2": "SI",
   "ISO3": "SVN",
   "Code": 705
 },
 {
   "Name": "Solomon Islands",
   "ISO2": "SB",
   "ISO3": "SLB",
   "Code": 90
 },
 {
   "Name": "Somalia",
   "ISO2": "SO",
   "ISO3": "SOM",
   "Code": 706
 },
 {
   "Name": "South Africa",
   "ISO2": "ZA",
   "ISO3": "ZAF",
   "Code": 710
 },
 {
   "Name": "South Korea",
   "ISO2": "KR",
   "ISO3": "KOR",
   "Code": 410
 },
 {
   "Name": "Spain",
   "ISO2": "ES",
   "ISO3": "ESP",
   "Code": 724
 },
 {
   "Name": "Sri Lanka",
   "ISO2": "LK",
   "ISO3": "LKA",
   "Code": 144
 },
 {
   "Name": "Sudan",
   "ISO2": "SD",
   "ISO3": "SDN",
   "Code": 729
 },
 {
   "Name": "Suriname",
   "ISO2": "SR",
   "ISO3": "SUR",
   "Code": 740
 },
 {
   "Name": "Swaziland",
   "ISO2": "SZ",
   "ISO3": "SWZ",
   "Code": 748
 },
 {
   "Name": "Sweden",
   "ISO2": "SE",
   "ISO3": "SWE",
   "Code": 752
 },
 {
   "Name": "Switzerland",
   "ISO2": "CH",
   "ISO3": "CHE",
   "Code": 756
 },
 {
   "Name": "Syria",
   "ISO2": "SY",
   "ISO3": "SYR",
   "Code": 760
 },
 {
   "Name": "Taiwan",
   "ISO2": "TW",
   "ISO3": "TWN",
   "Code": 158
 },
 {
   "Name": "Tajikistan",
   "ISO2": "TJ",
   "ISO3": "TJK",
   "Code": 762
 },
 {
   "Name": "Tanzania",
   "ISO2": "TZ",
   "ISO3": "TZA",
   "Code": 834
 },
 {
   "Name": "Thailand",
   "ISO2": "TH",
   "ISO3": "THA",
   "Code": 764
 },
 {
   "Name": "Togo",
   "ISO2": "TG",
   "ISO3": "TGO",
   "Code": 768
 },
 {
   "Name": "Tonga",
   "ISO2": "TO",
   "ISO3": "TON",
   "Code": 776
 },
 {
   "Name": "Trinidad and Tobago",
   "ISO2": "TT",
   "ISO3": "TTO",
   "Code": 780
 },
 {
   "Name": "Tunisia",
   "ISO2": "TN",
   "ISO3": "TUN",
   "Code": 788
 },
 {
   "Name": "Turkey",
   "ISO2": "TR",
   "ISO3": "TUR",
   "Code": 792
 },
 {
   "Name": "Turkmenistan",
   "ISO2": "TM",
   "ISO3": "TKM",
   "Code": 795
 },
 {
   "Name": "Tuvalu",
   "ISO2": "TV",
   "ISO3": "TUV",
   "Code": 798
 },
 {
   "Name": "Uganda",
   "ISO2": "UG",
   "ISO3": "UGA",
   "Code": 800
 },
 {
   "Name": "Ukraine",
   "ISO2": "UA",
   "ISO3": "UKR",
   "Code": 804
 },
 {
   "Name": "United Arab Emirates",
   "ISO2": "AE",
   "ISO3": "ARE",
   "Code": 784
 },
 {
   "Name": "United Kingdom",
   "ISO2": "GB",
   "ISO3": "GBR",
   "Code": 826
 },
 {
   "Name": "United States",
   "ISO2": "US",
   "ISO3": "USA",
   "Code": 840
 },
 {
   "Name": "Uruguay",
   "ISO2": "UY",
   "ISO3": "URY",
   "Code": 858
 },
 {
   "Name": "Uzbekistan",
   "ISO2": "UZ",
   "ISO3": "UZB",
   "Code": 860
 },
 {
   "Name": "Vanuatu",
   "ISO2": "VU",
   "ISO3": "VUT",
   "Code": 548
 },
 {
   "Name": "Vatican",
   "ISO2": "VA",
   "ISO3": "VAT",
   "Code": 336
 },
 {
   "Name": "Venezuela",
   "ISO2": "VE",
   "ISO3": "VEN",
   "Code": 862
 },
 {
   "Name": "Vietnam",
   "ISO2": "VN",
   "ISO3": "VNM",
   "Code": 704
 },
 {
   "Name": "Western Sahara",
   "ISO2": "EH",
   "ISO3": "ESH",
   "Code": 732
 },
 {
   "Name": "Yemen",
   "ISO2": "YE",
   "ISO3": "YEM",
   "Code": 887
 },
 {
   "Name": "Zambia",
   "ISO2": "ZM",
   "ISO3": "ZMB",
   "Code": 894
 },
 {
   "Name": "Zimbabwe",
   "ISO2": "ZW",
   "ISO3": "ZWE",
   "Code": 716
 }
]